{
  "slots": 5,
  "C_mean": 0.4307926926856404,
  "C_std": 0.14417670638244814,
  "E_mean": 2.153963463428202,
  "Energy_per_task": 0.1435975642285468,
  "Energy_per_bit": 8.973486602855445e-08,
  "EE_proxy_bit_per_J": 11143940.413103094,
  "avg_delay_mean": 2.1689634634042023,
  "avg_delay_median": 1.8911949119859208,
  "delay_p95": 2.929402986191475,
  "SLA_violation_rate": 1.0,
  "Avg_queue": 0.0,
  "Acc_rate": 1.0,
  "Drop_rate": 0.0,
  "Handover_count_total": 1,
  "DecisionTime_ms_mean": 0.15926361083984375,
  "DecisionTime_ms_max": 0.2694129943847656,
  "Jain_mean": 0.0,
  "CloudRatio": 0.0,
  "E_tx_total": 2.153963463404202,
  "E_srv_total": 2.4e-11,
  "total_runtime_s": 0.0011916160583496094
}